ID,Player,Country,Last Year Played,Matches,Innings,No Outs,Runs,Average,Balls_Faced,Strike_Rate
1,Shoaib Malik ,PAK,2019,111,104,30,2263,30.58,1824,124.06
2,RG Sharma ,INDIA,2019,104,96,14,2633,32.1,1905,138.21
3,Shahid Afridi ,PAK,2018,99,91,12,1416,17.92,944,150
4,MS Dhoni ,INDIA,2019,98,85,42,1617,37.6,1282,126.13
5,LRPL Taylor ,NZ,2019,95,87,19,1743,25.63,1430,121.88
6,KJ O'Brien ,IRE,2019,90,83,10,1504,20.6,1124,133.8
7,Mohammad Hafeez ,PAK,2018,89,86,8,1908,24.46,1643,116.12
8,EJG Morgan ,ENG,2019,86,84,17,2002,29.88,1475,135.72
9,Umar Akmal ,PAK,2019,84,79,14,1690,26,1377,122.73
10,Mushfiqur Rahim ,BDESH,2019,84,76,13,1265,20.07,1060,119.33
11,MJ Guptill ,NZ,2019,83,80,7,2436,33.36,1810,134.58
12,Mahmudullah ,BDESH,2019,83,76,16,1430,23.83,1166,122.64
13,JP Duminy ,SA,2019,81,75,25,1934,38.68,1532,126.24
14,TM Dilshan ,SL,2016,80,79,12,1889,28.19,1567,120.54
15,NLTC Perera ,SL,2019,79,70,21,1169,23.85,767,152.41
16,SL Malinga ,SL,2019,79,30,12,128,7.11,153,83.66
17,SK Raina ,INDIA,2018,78,66,11,1605,29.18,1190,134.87
18,AB de Villiers ,SA,2017,78,75,11,1672,26.12,1237,135.16
19,GC Wilson ,IRE,2019,78,65,8,1239,21.73,1185,104.55
20,DA Warner ,AUS,2019,76,76,8,2079,30.57,1476,140.85
21,Shakib Al Hasan ,BDESH,2019,76,76,10,1567,23.74,1266,123.77
22,V Kohli ,INDIA,2019,75,70,20,2633,52.66,1907,138.07
23,Tamim Iqbal ,BDESH,2018,75,75,5,1613,23.04,1383,116.63
24,Mohammad Nabi ,AFG,2019,75,70,11,1316,22.3,902,145.89
25,GH Dockrell ,IRE,2019,73,33,14,251,13.21,207,121.25
26,DA Miller ,SA,2019,72,62,18,1309,29.75,935,140
27,PR Stirling ,IRE,2019,72,71,6,1929,29.67,1401,137.68
28,AD Mathews ,SL,2018,72,57,18,1055,27.05,893,118.14
29,BB McCullum ,NZ,2015,71,70,10,2140,35.66,1571,136.21
30,D Ramdin ,WI,2019,71,50,16,636,18.7,551,115.42
31,PM Seelaar ,NL,2019,69,40,11,464,16,423,109.69
32,KA Pollard ,WI,2019,68,58,12,1058,23,819,129.18
33,DJG Sammy ,WI,2017,68,52,18,587,17.26,398,147.48
34,MN Samuels ,WI,2018,67,65,10,1611,29.29,1386,116.23
35,JC Buttler ,ENG,2018,66,58,11,1260,26.8,912,138.15
36,H Masakadza ,ZIM,2019,66,66,2,1662,25.96,1418,117.2
37,DJ Bravo ,WI,2016,66,59,12,1142,24.29,981,116.41
38,Asghar Afghan ,AFG,2019,66,60,4,1167,20.83,1102,105.89
39,TG Southee ,NZ,2019,66,30,12,220,12.22,150,146.66
40,Mohammad Shahzad ,AFG,2018,65,65,3,1936,31.22,1436,134.81
41,Saeed Ajmal ,PAK,2015,64,23,12,91,8.27,86,105.81
42,NL McCullum ,NZ,2016,63,41,15,299,11.5,297,100.67
43,Samiullah Shinwari ,AFG,2019,62,55,10,985,21.88,829,118.81
44,GJ Maxwell ,AUS,2019,61,54,9,1576,35.02,985,160
45,RD Berrington ,SCOT,2019,61,54,10,1247,28.34,967,128.95
46,WTS Porterfield ,IRE,2018,61,59,6,1079,20.35,971,111.12
47,AD Hales ,ENG,2019,60,60,7,1644,31.01,1203,136.65
48,C Munro ,NZ,2019,60,57,7,1546,30.92,966,160.04
49,Umar Gul ,PAK,2016,60,27,9,165,9.16,156,105.76
50,Ahmed Shehzad ,PAK,2019,59,59,2,1471,25.8,1282,114.74
51,AJ Finch ,AUS,2019,58,58,9,1878,38.32,1200,156.5
52,CH Gayle ,WI,2019,58,54,4,1627,32.54,1139,142.84
53,SR Watson ,AUS,2016,58,56,6,1462,29.24,1006,145.32
54,Yuvraj Singh ,INDIA,2017,58,51,9,1177,28.02,863,136.38
55,Sarfaraz Ahmed ,PAK,2019,58,41,12,812,28,641,126.67
56,S Dhawan ,INDIA,2019,58,57,3,1504,27.85,1173,128.21
57,KJ Coetzer ,SCOT,2019,58,56,2,1386,25.66,1136,122
58,Kamran Akmal ,PAK,2017,58,53,6,987,21,825,119.63
59,KMDN Kulasekara ,SL,2017,58,30,9,215,10.23,184,116.84
60,KS Williamson ,NZ,2019,57,55,7,1505,31.35,1236,121.76
61,Najibullah Zadran ,AFG,2019,57,48,18,918,30.6,663,138.46
62,Sohail Tanvir ,PAK,2017,57,25,8,196,11.52,164,119.51
63,KC Sangakkara ,SL,2014,56,53,9,1382,31.4,1156,119.55
64,SCJ Broad ,ENG,2014,56,26,10,118,7.37,118,100
65,DPMD Jayawardene ,SL,2014,55,55,8,1493,31.76,1121,133.18
66,E Chigumbura ,ZIM,2019,54,53,9,852,19.36,597,142.71
67,LD Chandimal ,SL,2018,54,47,4,800,18.6,766,104.43
68,Mashrafe Mortaza ,BDESH,2017,54,39,11,377,13.46,277,136.1
69,S Badree ,WI,2018,52,16,10,43,7.16,65,66.15
70,BN Cooper ,NL,2019,51,48,9,1094,28.05,890,122.92
71,LJ Wright ,ENG,2014,51,45,5,759,18.97,554,137
72,SP Narine ,WI,2019,51,23,8,155,10.33,138,112.31
73,JA Morkel ,SA,2015,50,38,11,572,21.18,402,142.28
74,CS MacLeod ,SCOT,2019,49,47,7,1042,26.05,905,115.13
75,LMP Simmons ,WI,2019,49,48,7,990,24.14,848,116.74
76,WB Rankin ,ENG,2019,48,15,8,64,9.14,74,86.48
77,Mohammad Amir ,PAK,2019,48,14,6,59,7.37,72,81.94
78,CL White ,AUS,2014,47,44,14,984,32.8,740,132.97
79,AD Russell ,WI,2018,47,39,13,465,17.88,329,141.33
80,R Ashwin ,INDIA,2017,46,11,7,123,30.75,115,106.95
81,Soumya Sarkar ,BDESH,2019,46,46,0,791,17.19,648,122.06
82,Shafiqullah ,AFG,2019,46,42,12,494,16.46,340,145.29
83,RA Jadeja ,INDIA,2019,46,22,8,163,11.64,165,98.78
84,Gulbadin Naib ,AFG,2019,45,37,10,472,17.48,393,120.1
85,Rashid Khan ,AFG,2019,45,22,11,149,13.54,124,120.16
86,F du Plessis ,SA,2019,44,44,6,1363,35.86,1006,135.48
87,HM Amla ,SA,2018,44,44,6,1277,33.6,967,132.05
88,Sabbir Rahman ,BDESH,2019,44,43,5,946,24.89,783,120.81
89,M Morkel ,SA,2017,44,8,5,22,7.33,18,122.22
90,DW Steyn ,SA,2019,44,10,5,16,3.2,23,69.56
91,RE van der Merwe ,NL,2019,43,29,12,454,26.7,345,131.59
92,MH Cross ,SCOT,2019,43,35,6,755,26.03,593,127.31
93,CK Kapugedera ,SL,2017,43,38,7,703,22.67,591,118.95
94,PW Borren ,NL,2017,43,38,5,638,19.33,524,121.75
95,CJ Jordan ,ENG,2019,43,25,11,216,15.42,166,130.12
96,B Kumar ,INDIA,2019,43,9,5,23,5.75,29,79.31
97,MDKJ Perera ,SL,2019,42,42,0,1171,27.88,867,135.06
98,W Barresi ,NL,2019,42,41,6,799,22.82,695,114.96
99,ADS Fletcher ,WI,2018,42,40,4,765,21.25,707,108.2
100,SM Sharif ,SCOT,2019,42,18,9,123,13.66,100,123
101,KD Mills ,NZ,2014,42,19,7,137,11.41,123,111.38
102,JJ Bumrah ,INDIA,2019,42,6,4,8,4,13,61.53
103,SR Thompson ,IRE,2019,41,30,8,328,14.9,254,129.13
104,CR Brathwaite ,WI,2019,41,27,6,310,14.76,274,113.13
105,Imad Wasim ,PAK,2019,41,29,9,261,13.05,180,145
106,PA van Meekeren ,NL,2019,41,9,1,39,4.87,40,97.5
107,WD Parnell ,SA,2017,40,13,9,114,28.5,96,118.75
108,J Botha ,SA,2012,40,20,9,201,18.27,165,121.81
109,HH Pandya ,INDIA,2019,40,25,6,310,16.31,210,147.61
110,IS Sodhi ,NZ,2019,40,7,3,59,14.75,56,105.35
111,AU Rashid ,ENG,2019,40,15,8,51,7.28,61,83.6
112,MisbahNAulNAHaq ,PAK,2012,39,34,13,788,37.52,715,110.2
113,DJ Hussey ,AUS,2012,39,36,3,756,22.9,623,121.34
114,GP Swann ,ENG,2012,39,16,11,104,20.8,89,116.85
115,T van der Gugten ,NL,2019,39,11,4,109,15.57,81,134.56
116,MJ Santner ,NZ,2019,39,27,10,263,15.47,205,128.29
117,BAW Mendis ,SL,2014,39,8,5,8,2.66,17,47.05
118,MEK Hussey ,AUS,2012,38,30,11,721,37.94,529,136.29
119,F Behardien ,SA,2018,38,30,14,518,32.37,404,128.21
120,Q de Kock ,SA,2019,38,38,5,1018,30.84,787,129.35
121,HG Munsey ,SCOT,2019,38,36,3,987,29.9,640,154.21
122,RS Bopara ,ENG,2014,38,35,10,711,28.44,599,118.69
123,SC Williams ,ZIM,2019,38,38,5,821,24.87,630,130.31
124,BRM Taylor ,ZIM,2019,38,38,5,818,24.78,678,120.64
125,JEC Franklin ,NZ,2013,38,31,8,463,20.13,391,118.41
126,Imran Tahir ,SA,2019,38,4,3,19,19,18,105.55
127,Rohan Mustafa ,UAE,2019,38,37,1,605,16.8,521,116.12
128,Shadab Khan ,PAK,2019,38,14,5,122,13.55,96,127.08
129,Mudassar Bukhari ,NL,2016,38,26,8,157,8.72,152,103.28
130,KP Pietersen ,ENG,2013,37,36,5,1176,37.93,831,141.51
131,G Gambhir ,INDIA,2012,37,36,2,932,27.41,783,119.02
132,A Balbirnie ,IRE,2019,37,33,2,790,25.48,593,133.22
133,AR Cusack ,IRE,2015,37,21,6,229,15.26,177,129.37
134,Mustafizur Rahman ,BDESH,2019,37,15,5,43,4.3,55,78.18
135,Babar Azam ,PAK,2019,36,36,8,1405,50.17,1102,127.49
136,SPD Smith ,AUS,2019,36,28,7,577,27.47,448,128.79
137,MP O'Dowd ,NL,2019,36,35,2,866,26.24,718,120.61
138,JDP Oram ,NZ,2012,36,30,7,474,20.6,339,139.82
139,PD Collingwood ,ENG,2017,36,33,2,583,18.8,459,127.01
140,Karim Sadiq ,AFG,2018,36,36,0,538,14.94,493,109.12
141,Ahmed Raza ,UAE,2019,36,14,7,96,13.71,123,78.04
142,YS Chahal ,INDIA,2019,36,3,2,4,4,9,44.44
143,CO Obuya ,KENYA,2019,35,33,6,691,25.59,649,106.47
144,MD Shanaka ,SL,2019,35,35,7,434,15.5,386,112.43
145,MRJ Watt ,SCOT,2019,35,11,6,53,10.6,40,132.5
146,P Utseya ,ZIM,2015,35,21,9,94,7.83,115,81.73
147,KL Rahul ,INDIA,2019,34,31,5,1138,43.76,777,146.46
148,JM Bairstow ,ENG,2019,34,29,6,603,26.21,450,134
149,Muhammad Usman ,UAE,2019,34,32,5,695,25.74,593,117.2
150,Fakhar Zaman ,PAK,2019,34,33,0,756,22.9,553,136.7
151,J Charles ,WI,2016,34,33,0,724,21.93,595,121.68
152,MJ Clarke ,AUS,2010,34,28,5,488,21.21,473,103.17
153,Nizakat Khan ,HKG,2019,34,32,0,576,18,478,120.5
154,BJ Haddin ,AUS,2014,34,29,6,402,17.47,351,114.52
155,TT Bresnan ,ENG,2014,34,22,9,216,16.61,170,127.05
156,DL Vettori ,NZ,2014,34,22,6,205,12.81,190,107.89
157,Dawlat Zadran ,AFG,2019,34,17,8,68,7.55,42,161.9
158,JW Dernbach ,ENG,2014,34,7,2,24,4.8,21,114.28
159,Abdur Razzak ,BDESH,2014,34,20,10,41,4.1,74,55.4
160,Shapoor Zadran ,AFG,2018,34,13,6,27,3.85,65,41.53
161,GC Smith ,SA,2011,33,33,2,982,31.67,770,127.53
162,SJ Myburgh ,NL,2019,33,32,2,741,24.7,635,116.69
163,C de Grandhomme ,NZ,2019,33,31,7,479,19.95,321,149.22
164,CJ Chibhabha ,ZIM,2018,33,32,0,621,19.4,570,108.94
165,DR Smith ,WI,2015,33,32,0,582,18.18,474,122.78
166,L Ronchi ,AUS,2018,33,26,6,359,17.95,256,140.23
167,MK Pandey ,INDIA,2019,32,27,12,587,39.13,478,122.8
168,JE Root ,ENG,2019,32,30,5,893,35.72,707,126.3
169,Shaiman Anwar ,UAE,2019,32,32,3,971,33.48,770,126.1
170,KD Karthik ,INDIA,2019,32,26,14,399,33.25,278,143.52
171,MN Waller ,ZIM,2018,32,31,8,613,26.65,443,138.37
172,JJ Roy ,ENG,2018,32,32,0,743,23.21,512,145.11
173,Abdul Razzaq ,PAK,2013,32,29,10,393,20.68,337,116.61
174,Nawroz Mangal ,AFG,2017,32,32,4,505,18.03,453,111.47
175,Sikandar Raza ,ZIM,2019,32,30,0,406,13.53,384,105.72
176,CJ Anderson ,NZ,2018,31,24,4,485,24.25,351,138.17
177,ST Jayasuriya ,SL,2011,31,30,3,629,23.29,487,129.15
178,SB Styris ,NZ,2010,31,29,2,578,21.4,483,119.66
179,Nasir Hossain ,BDESH,2016,31,24,4,370,18.5,326,113.49
180,Wahab Riaz ,PAK,2019,31,17,6,145,13.18,118,122.88
181,Mohammad Naveed ,UAE,2019,31,24,10,176,12.57,147,119.72
182,MA Leask ,SCOT,2019,31,22,2,240,12,199,120.6
183,Amir Hamza ,AFG,2017,31,9,5,40,10,38,105.26
184,Ahsan Malik ,NL,2017,31,8,5,28,9.33,30,93.33
185,P Khadka ,NEPAL,2019,30,29,3,777,29.88,602,129.06
186,GJ Bailey ,AUS,2017,30,26,7,473,24.89,346,136.7
187,RR Patel ,KENYA,2019,30,26,4,526,23.9,414,127.05
188,DT Johnston ,IRE,2013,30,19,7,249,20.75,184,135.32
189,NJ O'Brien ,IRE,2016,30,28,2,466,17.92,475,98.1
190,AA Obanda ,KENYA,2019,30,28,2,381,14.65,362,105.24
191,JE Taylor ,WI,2018,30,15,6,118,13.11,92,128.26
192,Hasan Ali ,PAK,2019,30,10,5,61,12.2,35,174.28
193,Aizaz Khan ,HKG,2019,30,27,7,239,11.95,234,102.13
194,MG Johnson ,AUS,2013,30,17,7,109,10.9,95,114.73
195,CB Mpofu ,ZIM,2019,30,10,6,33,8.25,40,82.5
196,E Lewis ,WI,2019,29,28,1,833,30.85,544,153.12
197,SA Edwards ,NL,2019,29,22,8,334,23.85,229,145.85
198,MJ McClenaghan ,NZ,2018,29,8,4,24,6,23,104.34
199,AG Cremer ,ZIM,2018,29,19,6,68,5.23,102,66.66
200,Sompal Kami ,NEPAL,2019,28,19,6,198,15.23,176,112.5
201,DJ Willey ,ENG,2019,28,19,7,166,13.83,126,131.74
202,NM CoulterNANile ,AUS,2019,28,15,4,150,13.63,120,125
203,Harbhajan Singh ,INDIA,2016,28,13,5,108,13.5,87,124.13
204,SO Ngoche ,KENYA,2019,28,18,5,107,8.23,118,90.67
205,AlNAAmin Hossain ,BDESH,2019,28,6,4,7,3.5,12,58.33
206,MA Starc ,AUS,2019,28,6,2,12,3,18,66.66
207,I Udana ,SL,2019,27,19,9,226,22.6,152,148.68
208,MJ Lumb ,ENG,2014,27,27,1,552,21.23,413,133.65
209,TP Visee ,NL,2019,27,27,0,478,17.7,316,151.26
210,B Bhandari ,NEPAL,2019,27,23,6,292,17.17,262,111.45
211,JF Mooney ,IRE,2015,27,23,9,231,16.5,214,107.94
212,A Zampa ,AUS,2019,27,6,4,23,11.5,26,88.46
213,Faheem Ashraf ,PAK,2019,27,18,6,133,11.08,110,120.9
214,A Nehra ,INDIA,2017,27,5,0,28,5.6,39,71.79
215,TA Boult ,NZ,2019,27,8,3,22,4.4,32,68.75
216,Rubel Hossain ,BDESH,2018,27,14,9,17,3.4,30,56.66
217,AC Evans ,SCOT,2019,27,6,1,1,0.2,10,10
218,MR Swart ,NL,2016,26,25,2,621,27,537,115.64
219,RR Pant ,INDIA,2019,26,24,4,409,20.45,336,121.72
220,V Sibanda ,ZIM,2016,26,26,1,511,20.44,503,101.59
221,MS Wade ,AUS,2016,26,17,5,239,19.91,218,109.63
222,KD Shah ,HKG,2019,26,22,3,351,18.47,340,103.23
223,MC Sorensen ,IRE,2016,26,11,6,92,18.4,79,116.45
224,SW Billings ,ENG,2019,26,23,3,348,17.4,255,136.47
225,WU Tharanga ,SL,2018,26,26,1,407,16.28,330,123.33
226,HDRL Thirimanne ,SL,2016,26,20,2,291,16.16,267,108.98
227,AJ Tye ,AUS,2018,26,11,5,61,10.16,55,110.9
228,CA Young ,IRE,2019,26,7,5,6,3,11,54.54
229,HA Varaiya ,KENYA,2013,25,12,11,51,51,81,62.96
230,JH Kallis ,SA,2012,25,23,4,666,35.05,558,119.35
231,Younis Khan ,PAK,2010,25,23,3,442,22.1,364,121.42
232,C Kieswetter ,ENG,2012,25,25,1,526,21.91,470,111.91
233,Imran Nazir ,PAK,2012,25,24,1,500,21.73,370,135.13
234,Liton Das ,BDESH,2019,25,25,0,497,19.88,360,138.05
235,Asif Ali ,PAK,2019,25,24,6,331,18.38,258,128.29
236,MV Boucher ,SA,2010,25,21,6,268,17.86,275,97.45
237,B Lee ,AUS,2012,25,12,6,101,16.83,71,142.25
238,SW Poynter ,IRE,2019,25,21,6,240,16,213,112.67
239,Karan KC ,NEPAL,2019,25,16,5,173,15.72,126,137.3
240,MM Ali ,ENG,2018,25,22,6,235,14.68,198,118.68
241,AT Carey ,AUS,2019,25,13,4,125,13.88,101,123.76
242,Mirwais Ashraf ,AFG,2016,25,19,8,128,11.63,115,111.3
243,PJ Cummins ,AUS,2019,25,11,4,35,5,37,94.59
244,PL Mommsen ,SCOT,2016,24,19,7,419,34.91,329,127.35
245,Salman Butt ,PAK,2010,24,23,2,595,28.33,551,107.98
246,Babar Hayat ,HKG,2017,24,24,4,541,27.05,433,124.94
247,IK Pathan ,INDIA,2012,24,14,7,172,24.57,144,119.44
248,MS Chapman ,HKG,2018,24,23,2,475,22.61,416,114.18
249,G Malla ,NEPAL,2019,24,23,0,482,20.95,389,123.9
250,BKG Mendis ,SL,2019,24,24,0,473,19.7,353,133.99
251,Rizwan Cheema ,CAN,2019,24,24,2,389,17.68,314,123.88
252,Fawad Alam ,PAK,2010,24,17,6,194,17.63,169,114.79
253,JP Faulkner ,AUS,2017,24,18,7,159,14.45,138,115.21
254,SJ Benn ,WI,2016,24,7,4,37,12.33,42,88.09
255,NN Odhiambo ,KENYA,2013,24,20,2,174,9.66,177,98.3
256,SMSM Senanayake ,SL,2016,24,12,6,56,9.33,66,84.84
257,Nadeem Ahmed ,HKG,2017,24,9,4,34,6.8,55,61.81
258,KOK Williams ,WI,2019,24,7,4,19,6.33,17,111.76
259,R Powell ,WI,2019,23,18,3,311,20.73,250,124.4
260,Mohammad Ashraful ,BDESH,2013,23,23,0,450,19.56,356,126.4
261,N Dickwella ,SL,2019,23,22,0,429,19.5,309,138.83
262,HH Gibbs ,SA,2010,23,23,1,400,18.18,318,125.78
263,BA Stokes ,ENG,2018,23,20,5,232,15.46,178,130.33
264,CH Morris ,SA,2019,23,13,4,133,14.77,102,130.39
265,AL Phehlukwayo ,SA,2019,23,11,5,73,12.16,66,110.6
266,R Rampaul ,WI,2015,23,6,5,12,12,21,57.14
267,LL Tsotsobe ,SA,2014,23,3,2,2,2,10,20
268,RN ten Doeschate ,NL,2019,22,22,10,533,44.41,400,133.25
269,RR Hendricks ,SA,2019,22,22,0,593,26.95,487,121.76
270,Rameez Shahzad ,UAE,2019,22,21,3,449,24.94,404,111.13
271,CR Ervine ,ZIM,2019,22,21,1,461,23.05,454,101.54
272,JD Ryder ,NZ,2014,22,21,1,457,22.85,358,127.65
273,S Chanderpaul ,WI,2010,22,22,5,343,20.17,347,98.84
274,R Mutumbami ,ZIM,2019,22,19,4,294,19.6,251,117.13
275,BMAJ Mendis ,SL,2018,22,15,4,207,18.81,174,118.96
276,YK Pathan ,INDIA,2012,22,18,5,236,18.15,161,146.58
277,Amjad Javed ,UAE,2017,22,18,3,271,18.06,242,111.98
278,TAM Siriwardana ,SL,2017,22,19,3,275,17.18,208,132.21
279,Hamid Hassan ,AFG,2016,22,9,6,50,16.66,46,108.69
280,Waqas Barkat ,HKG,2019,22,20,2,254,14.11,286,88.81
281,KM Jarvis ,ZIM,2019,22,12,5,55,7.85,64,85.93
282,MA Ouma ,KENYA,2013,22,19,1,127,7.05,160,79.37
283,A Dananjaya ,SL,2019,22,12,4,49,6.12,57,85.96
284,LE Plunkett ,ENG,2019,22,11,4,42,6,34,123.52
285,SS Cottrell ,WI,2019,22,7,4,15,5,22,68.18
286,Mohammad Irfan ,PAK,2019,22,4,4,4,NA,8,50
287,PJ Moor ,ZIM,2019,21,19,4,364,24.26,286,127.27
288,MD Gunathilaka ,SL,2019,21,21,0,452,21.52,365,123.83
289,RJ Nicol ,NZ,2013,21,19,0,327,17.21,296,110.47
290,JH Davey ,SCOT,2019,21,10,5,83,16.6,63,131.74
291,RJ Peterson ,SA,2014,21,12,4,124,15.5,113,109.73
292,Tanwir Afzal ,HKG,2016,21,18,2,219,13.68,173,126.58
293,AC Agar ,AUS,2019,21,7,1,82,13.66,79,103.79
294,Karim Janat ,AFG,2019,21,13,2,145,13.18,140,103.57
295,RM Haq ,SCOT,2013,21,12,7,64,12.8,96,66.66
296,KJ Abbott ,SA,2016,21,6,4,23,11.5,20,115
297,FJ Klaassen ,NL,2019,21,7,1,33,5.5,34,97.05
298,TL Chatara ,ZIM,2019,21,3,0,15,5,18,83.33
299,SW Tait ,AUS,2016,21,6,2,11,2.75,15,73.33
300,K Rabada ,SA,2019,21,4,2,5,2.5,12,41.66
301,ST Finn ,ENG,2015,21,3,3,14,NA,19,73.68
302,AF Milne ,NZ,2018,21,8,8,21,NA,23,91.3
303,DJM Short ,AUS,2019,20,20,2,592,32.88,490,120.81
304,Noor Ali Zadran ,AFG,2017,20,20,1,506,26.63,497,101.81
305,AM Rahane ,INDIA,2016,20,20,2,375,20.83,331,113.29
306,DM Bravo ,WI,2019,20,18,1,340,20,317,107.25
307,Anshuman Rath ,HKG,2017,20,19,2,321,18.88,344,93.31
308,SO Hetmyer ,WI,2019,20,18,1,279,16.41,223,125.11
309,Mohammad Shahzad ,UAE,2017,20,20,2,281,15.61,239,117.57
310,S Prasanna ,SL,2017,20,20,6,214,15.28,161,132.91
311,Sohaib Maqsood ,PAK,2016,20,18,2,221,13.81,201,109.95
312,RG Aga ,KENYA,2013,20,18,2,213,13.31,196,108.67
313,D Wiese ,SA,2016,20,11,4,92,13.14,75,122.66
314,FH Edwards ,WI,2012,20,4,2,10,5,9,111.11
315,SE Bond ,NZ,2010,20,8,3,21,4.2,21,100
316,Usman Ghani ,AFG,2019,19,19,1,445,24.72,407,109.33
317,V Sehwag ,INDIA,2012,19,18,0,394,21.88,271,145.38
318,Kuldeep Yadav ,INDIA,2019,19,2,1,20,20,20,100
319,AD Poynter ,IRE,2016,19,14,3,219,19.9,184,119.02
320,TL Seifert ,NZ,2019,19,18,1,316,18.58,228,138.59
321,CD Wallace ,SCOT,2019,19,14,6,146,18.25,122,119.67
322,MP Stoinis ,AUS,2019,19,14,5,136,15.11,117,116.23
323,CAK Walton ,WI,2018,19,17,0,225,13.23,203,110.83
324,AR McBrine ,IRE,2017,19,11,5,73,12.16,70,104.28
325,Taskin Ahmed ,BDESH,2018,19,6,3,29,9.66,31,93.54
326,B Stanlake ,AUS,2019,19,2,1,9,9,12,75
327,PVD Chameera ,SL,2018,19,10,6,31,7.75,40,77.5
328,NW Bracken ,AUS,2009,19,6,3,15,5,22,68.18
329,IG Butler ,NZ,2013,19,6,5,5,5,10,50
330,BD Glover ,NL,2019,19,4,3,2,2,8,25
331,JM Anderson ,ENG,2009,19,4,3,1,1,2,50
332,EC Joyce ,ENG,2014,18,15,3,405,33.75,431,93.96
333,NR Kumar ,CAN,2019,18,16,2,434,31,336,129.16
334,MJG Rippon ,NL,2018,18,11,4,216,30.85,192,112.5
335,TLW Cooper ,NL,2016,18,17,3,404,28.85,306,132.02
336,KH Pandya ,INDIA,2019,18,9,4,121,24.2,92,131.52
337,DAJ Bracewell ,NZ,2019,18,10,5,121,24.2,83,145.78
338,RR Sarwan ,WI,2010,18,16,3,298,22.92,286,104.19
339,AR White ,IRE,2012,18,12,6,137,22.83,128,107.03
340,Nasir Jamshed ,PAK,2013,18,18,1,363,21.35,320,113.43
341,DS Airee ,NEPAL,2019,18,16,2,287,20.5,260,110.38
342,KMA Paul ,WI,2019,18,12,5,142,20.28,123,115.44
343,CA Lynn ,AUS,2018,18,16,1,291,19.4,221,131.67
344,JDS Neesham ,NZ,2019,18,15,4,185,16.81,131,141.22
345,SR Patel ,ENG,2013,18,14,2,189,15.75,173,109.24
346,SP Patil ,UAE,2016,18,13,0,187,14.38,218,85.77
347,Washington Sundar ,INDIA,2019,18,5,3,26,13,12,216.66
348,Simi Singh ,IRE,2019,18,17,2,169,11.26,144,117.36
349,Haseeb Amjad ,HKG,2016,18,10,6,45,11.25,45,100
350,S Lamichhane ,NEPAL,2019,18,8,4,23,5.75,29,79.31
351,E Otieno ,KENYA,2019,18,8,3,26,5.2,48,54.16
352,CRD Fernando ,SL,2016,18,7,2,25,5,27,92.59
353,B Regmi ,NEPAL,2019,18,11,4,24,3.42,56,42.85
354,Zahoor Khan ,UAE,2019,18,5,2,10,3.33,19,52.63
355,RJ Sidebottom ,ENG,2010,18,1,1,5,NA,4,125
356,T Taibu ,ZIM,2012,17,15,6,259,28.77,257,100.77
357,RT Ponting ,AUS,2009,17,16,2,401,28.64,302,132.78
358,GJ Delany ,IRE,2019,17,15,3,314,26.16,206,152.42
359,OA Shah ,ENG,2009,17,15,1,347,24.78,284,122.18
360,S Vesawkar ,NEPAL,2019,17,16,3,310,23.84,313,99.04
361,Ghulam Shabber ,UAE,2019,17,14,3,208,18.9,182,114.28
362,GD Elliott ,NZ,2017,17,15,4,171,15.54,157,108.91
363,MR Adair ,IRE,2019,17,14,4,152,15.2,118,128.81
364,JO Holder ,WI,2019,17,11,2,111,12.33,84,132.14
365,DP Nannes ,AUS,2010,17,5,3,22,11,18,122.22
366,JC Tredwell ,ENG,2014,17,6,3,32,10.66,20,160
367,GD Drummond ,SCOT,2013,17,7,0,54,7.71,65,83.07
368,Z Khan ,INDIA,2012,17,4,2,13,6.5,10,130
369,HS Baidwan ,CAN,2013,17,11,2,54,6,52,103.84
370,Sultan Ahmed ,UAE,2019,17,9,3,35,5.83,37,94.59
371,Shafiul Islam ,BDESH,2019,17,6,1,23,4.6,33,69.69
372,HMRKB Herath ,SL,2016,17,6,3,8,2.66,12,66.66
373,A Bohara ,NEPAL,2019,17,5,2,5,1.66,12,41.66
374,TM Head ,AUS,2018,16,15,3,319,26.58,245,130.2
375,RP Burl ,ZIM,2019,16,13,3,254,25.4,221,114.93
376,N Pooran ,WI,2019,16,16,3,312,24,247,126.31
377,IA Karim ,KENYA,2019,16,16,3,286,22,299,95.65
378,J Mubarak ,SL,2009,16,15,4,238,21.63,188,126.59
379,Mohammad Rizwan ,PAK,2019,16,13,2,180,16.36,184,97.82
380,GSNFG Jayasuriya ,SL,2019,16,14,0,225,16.07,203,110.83
381,Anwar Ali ,PAK,2016,16,11,4,109,15.57,77,141.55
382,Mohammad Boota ,UAE,2019,16,12,4,112,14,100,112
383,LPC Silva ,SL,2011,16,15,2,175,13.46,177,98.87
384,NM Odhiambo ,KENYA,2019,16,8,2,61,10.16,94,64.89
385,DT Christian ,AUS,2017,16,7,3,27,6.75,28,96.42
386,AM Phangiso ,SA,2018,16,3,0,19,6.33,29,65.51
387,RW Price ,ZIM,2012,16,9,4,15,3,28,53.57
388,T Shamsi ,SA,2019,16,3,2,0,0,5,0
389,Mujeeb Ur Rahman ,AFG,2019,16,3,3,8,NA,8,100
390,Usman Shinwari ,PAK,2019,16,3,3,2,NA,3,66.66
391,Ehsan Khan ,HKG,2019,15,10,6,142,35.5,128,110.93
392,RR Rossouw ,SA,2016,15,14,3,327,29.72,237,137.97
393,SO Tikolo ,KENYA,2013,15,15,3,345,28.75,281,122.77
394,BJ Hodge ,AUS,2014,15,11,4,183,26.14,144,127.08
395,Sharjeel Khan ,PAK,2016,15,15,0,360,24,262,137.4
396,TC Bruce ,NZ,2019,15,15,2,279,21.46,222,125.67
397,TN de Grooth ,NL,2013,15,13,5,163,20.37,155,105.16
398,RM Hira ,NZ,2013,15,3,1,37,18.5,33,112.12
399,SE Marsh ,AUS,2016,15,15,1,255,18.21,248,102.82
400,TK Curran ,ENG,2019,15,6,4,36,18,27,133.33
401,N Madziva ,ZIM,2019,15,10,5,88,17.6,80,110
402,T Mishra ,KENYA,2013,15,15,0,227,15.13,263,86.31
403,GB Hogg ,AUS,2014,15,4,0,55,13.75,39,141.02
404,Hamza Tariq ,CAN,2019,15,11,1,100,10,82,121.95
405,RJ Trott ,BMUDA,2019,15,10,4,46,7.66,84,54.76
406,Shoaib Akhtar ,PAK,2010,15,6,3,21,7,16,131.25
407,KW Richardson ,AUS,2019,15,2,0,9,4.5,8,112.5
408,A Symonds ,AUS,2009,14,11,4,337,48.14,199,169.34
409,MH Yardy ,ENG,2011,14,8,5,96,32,72,133.33
410,Hussain Talat ,PAK,2019,14,14,1,371,28.53,309,120.06
411,Izatullah Dawlatzai ,AFG,2019,14,3,2,26,26,16,162.5
412,HT Tector ,IRE,2019,14,12,3,233,25.88,176,132.38
413,LE Bosman ,SA,2010,14,14,1,323,24.84,219,147.48
414,T Panyangara ,ZIM,2016,14,5,4,23,23,17,135.29
415,SS Iyer ,INDIA,2019,14,13,3,226,22.6,178,126.96
416,ES Szwarczynski ,NL,2013,14,12,1,233,21.18,243,95.88
417,Mosaddek Hossain ,BDESH,2019,14,13,4,183,20.33,173,105.78
418,Haris Sohail ,PAK,2019,14,13,2,210,19.09,204,102.94
419,JL Ontong ,SA,2015,14,10,0,158,15.8,109,144.95
420,Umar Amin ,PAK,2018,14,9,0,142,15.77,123,115.44
421,AD Mascarenhas ,ENG,2009,14,13,5,123,15.37,100,123
422,Ziaur Rahman ,BDESH,2014,14,12,3,117,13,91,128.57
423,AC Botha ,IRE,2010,14,11,1,130,13,141,92.19
424,TJ Murtagh ,IRE,2016,14,5,3,26,13,25,104
425,Mohammad Mithun ,BDESH,2019,14,10,0,117,11.7,125,93.6
426,DLS van Bunge ,NL,2013,14,12,4,90,11.25,104,86.53
427,LJ Tucker ,IRE,2019,14,11,1,102,10.2,99,103.03
428,N Pradeep ,SL,2019,14,6,5,10,10,15,66.66
429,Imrul Kayes ,BDESH,2017,14,13,0,119,9.15,134,88.8
430,PADLR Sandakan ,SL,2019,14,4,2,18,9,24,75
431,SC Getkate ,IRE,2019,14,12,2,87,8.7,73,119.17
432,I Sharma ,INDIA,2013,14,3,2,8,8,9,88.88
433,Fareed Ahmad ,AFG,2019,14,1,1,24,NA,15,160
434,KK Ahmed ,INDIA,2019,14,1,1,1,NA,1,100
435,Abu Hider ,BDESH,2018,13,5,4,58,58,43,134.88
436,Hazratullah Zazai ,AFG,2019,13,13,1,519,43.25,319,162.69
437,AR Nurse ,WI,2019,13,8,6,85,42.5,71,119.71
438,MW Machan ,SCOT,2016,13,13,3,407,40.7,318,127.98
439,Anamul Haque ,BDESH,2015,13,13,2,355,32.27,301,117.94
440,RV Uthappa ,INDIA,2015,13,12,2,249,24.9,211,118
441,AC Gilchrist ,AUS,2008,13,13,1,272,22.66,192,141.66
442,SD Hope ,WI,2019,13,11,0,238,21.63,175,136
443,Khalid Latif ,PAK,2016,13,13,2,237,21.54,229,103.49
444,RE Levi ,SA,2012,13,13,2,236,21.45,167,141.31
445,Mohammad Sami ,PAK,2016,13,4,3,21,21,30,70
446,DM de Silva ,SL,2019,13,13,0,257,19.76,252,101.98
447,Mohammad Saifuddin ,BDESH,2019,13,9,3,108,18,95,113.68
448,Nazmul Islam ,BDESH,2018,13,4,3,18,18,17,105.88
449,EMDY Munaweera ,SL,2017,13,13,1,215,17.91,164,131.09
450,JJ Atkinson ,HKG,2016,13,12,0,202,16.83,187,108.02
451,TWM Latham ,NZ,2017,13,10,0,163,16.3,157,103.82
452,CT Mutombodzi ,ZIM,2019,13,12,3,129,14.33,133,96.99
453,Yasir Arafat ,PAK,2012,13,11,4,92,13.14,79,116.45
454,CK Coventry ,ZIM,2015,13,12,2,127,12.7,90,141.11
455,Junaid Siddiqui ,CAN,2019,13,7,3,49,12.25,41,119.51
456,T Maruma ,ZIM,2019,13,13,4,100,11.11,109,91.74
457,Mehidy Hasan Miraz ,BDESH,2018,13,11,2,94,10.44,80,117.5
458,Farhad Reza ,BDESH,2014,13,9,0,72,8,88,81.81
459,S Snater ,NL,2019,13,6,1,18,3.6,16,112.5
460,NS Dhaliwal ,CAN,2019,12,11,2,361,40.11,291,124.05
461,Ravinderpal Singh ,CAN,2019,12,10,2,266,33.25,177,150.28
462,JM Vince ,ENG,2019,12,12,0,340,28.33,275,123.63
463,DAS Gunaratne ,SL,2017,12,12,3,225,25,178,126.4
464,Najeeb Tarakai ,AFG,2019,12,12,0,258,21.5,210,122.85
465,JR Hopes ,AUS,2010,12,7,2,105,21,98,107.14
466,KS Leverock ,BMUDA,2019,12,12,2,201,20.1,165,121.81
467,Ashfaq Ahmed ,UAE,2019,12,12,0,238,19.83,185,128.64
468,RW Chakabva ,ZIM,2019,12,12,1,159,14.45,134,118.65
469,BR McDermott ,AUS,2019,12,10,3,98,14,105,93.33
470,SM Pollock ,SA,2008,12,9,2,86,12.28,70,122.85
471,PG Fulton ,NZ,2012,12,12,1,127,11.54,140,90.71
472,GM Hamilton ,SCOT,2010,12,8,0,90,11.25,110,81.81
473,TD Paine ,AUS,2017,12,9,1,82,10.25,77,106.49
474,TS Chisoro ,ZIM,2018,12,6,2,40,10,42,95.23
475,JK Kamande ,KENYA,2010,12,9,0,83,9.22,92,90.21
476,R McLaren ,SA,2014,12,4,3,9,9,13,69.23
477,WP Masakadza ,ZIM,2019,12,6,3,25,8.33,30,83.33
478,PKD Chase ,IRE,2019,12,5,4,7,7,13,53.84
479,LN Rajbanshi ,NEPAL,2019,12,2,1,3,3,7,42.85
480,Aftab Alam ,AFG,2018,12,5,3,2,1,9,22.22
481,M Muralitharan ,SL,2010,12,2,0,1,0.5,5,20
482,K Santokie ,WI,2014,12,1,1,0,NA,0,NA
483,MC Henriques ,AUS,2017,11,8,3,159,31.8,122,130.32
484,CN Ackermann ,NL,2019,11,11,3,243,30.37,196,123.97
485,D Heyliger ,CAN,2019,11,7,5,58,29,42,138.09
486,DM Gondaria ,KENYA,2019,11,9,2,199,28.42,157,126.75
487,Aarif Sheikh ,NEPAL,2019,11,10,2,194,24.25,181,107.18
488,DMW Rawlins ,BMUDA,2019,11,11,0,261,23.72,201,129.85
489,Aftab Ahmed ,BDESH,2010,11,11,1,228,22.8,178,128.08
490,H Patel ,CAN,2013,11,11,1,220,22,218,100.91
491,MR Marsh ,AUS,2018,11,11,3,175,21.87,151,115.89
492,XJ Doherty ,AUS,2013,11,4,3,18,18,17,105.88
493,AR Patel ,INDIA,2018,11,7,3,68,17,54,125.92
494,GD Phillips ,NZ,2018,11,10,1,140,15.55,140,100
495,DF Watts ,SCOT,2012,11,9,0,137,15.22,127,107.87
496,N Dutta ,CAN,2019,11,3,2,15,15,13,115.38
497,Saad Bin Zafar ,CAN,2019,11,4,1,43,14.33,33,130.3
498,AJ Turner ,AUS,2019,11,7,3,57,14.25,57,100
499,O Bascome ,BMUDA,2019,11,11,0,147,13.36,147,100
500,NT Broom ,NZ,2017,11,7,1,73,12.16,68,107.35
501,S Dhaniram ,CAN,2010,11,9,0,100,11.11,123,81.3
502,NFI McCallum ,SCOT,2010,11,7,0,76,10.85,85,89.41
503,OGL Bascome ,BMUDA,2019,11,11,1,107,10.7,117,91.45
504,MR Gillespie ,NZ,2008,11,6,4,21,10.5,29,72.41
505,JH Stander ,SCOT,2012,11,11,2,94,10.44,90,104.44
506,RK Paudel ,NEPAL,2019,11,10,2,80,10,89,89.88
507,Sikander Zulfiqar ,NL,2019,11,8,1,68,9.71,68,100
508,TM Odoyo ,KENYA,2013,11,10,0,95,9.5,119,79.83
509,FA Allen ,WI,2019,11,9,2,64,9.14,56,114.28
510,BE Hendricks ,SA,2019,11,3,1,18,9,21,85.71
511,DAP Darrell ,BMUDA,2019,11,10,1,80,8.88,95,84.21
512,GH O'Brien ,BMUDA,2019,11,6,2,32,8,38,84.21
513,PS Airee ,NEPAL,2019,11,11,0,87,7.9,93,93.54
514,H Osinde ,CAN,2013,11,6,2,31,7.75,34,91.17
515,PD McGlashan ,NZ,2010,11,9,1,61,7.62,64,95.31
516,K Christie ,HKG,2019,11,4,2,15,7.5,20,75
517,JB Little ,IRE,2019,11,6,2,18,4.5,16,112.5
518,JS Patel ,NZ,2008,11,4,1,9,3,14,64.28
519,RAS Lakmal ,SL,2019,11,6,3,7,2.33,11,63.63
520,Mohammad Asif ,PAK,2010,11,3,3,9,NA,3,300
521,Imran Haider ,UAE,2019,11,2,2,4,NA,8,50
522,KAJ Roach ,WI,2012,11,1,1,3,NA,2,150
523,BV Vitori ,ZIM,2016,11,2,2,8,NA,7,114.28
524,DDP D'Silva ,UAE,2019,10,8,4,130,32.5,146,89.04
525,AN Kervezee ,NL,2012,10,10,1,289,32.11,262,110.3
526,Haroon Arshad ,HKG,2019,10,10,3,211,30.14,154,137.01
527,DO Obuya ,KENYA,2012,10,10,2,216,27,228,94.73
528,MJ Prior ,ENG,2010,10,8,2,127,21.16,100,127
529,S Sreesanth ,INDIA,2008,10,3,2,20,20,14,142.85
530,Asad Shafiq ,PAK,2012,10,10,0,192,19.2,185,103.78
531,SS McKechnie ,HKG,2019,10,10,3,130,18.57,137,94.89
532,RR Watson ,SCOT,2010,10,9,0,159,17.66,141,112.76
533,AC Douglas ,BMUDA,2019,10,9,1,138,17.25,131,105.34
534,GJ Thompson ,IRE,2019,10,8,1,107,15.28,108,99.07
535,JDF Vandersay ,SL,2019,10,7,6,15,15,17,88.23
536,WIA Fernando ,SL,2019,10,10,0,148,14.8,156,94.87
537,Naeem Islam ,BDESH,2013,10,10,1,130,14.44,114,114.03
538,Sohag Gazi ,BDESH,2015,10,7,3,57,14.25,59,96.61
539,C Carter ,HKG,2017,10,5,1,55,13.75,63,87.3
540,Waheed Ahmed ,UAE,2019,10,9,4,66,13.2,80,82.5
541,Shahzaib Hasan ,PAK,2010,10,10,0,116,11.6,130,89.23
542,JL Denly ,ENG,2019,10,9,1,92,11.5,93,98.92
543,Arafat Sunny ,BDESH,2016,10,6,3,34,11.33,30,113.33
544,JD Nel ,SCOT,2010,10,5,2,34,11.33,25,136
545,GJ Hopkins ,NZ,2010,10,8,0,86,10.75,71,121.12
546,LN Oluoch ,KENYA,2019,10,6,3,26,8.66,33,78.78
547,DI Allan ,KENYA,2013,10,10,0,86,8.6,135,63.7
548,TS Fray ,BMUDA,2019,10,10,1,73,8.11,96,76.04
549,S Matsikenyeri ,ZIM,2012,10,10,0,76,7.6,82,92.68
550,DT Tiripano ,ZIM,2019,10,6,2,29,7.25,34,85.29
551,Qadeer Ahmed ,UAE,2019,10,4,3,7,7,12,58.33
552,M Ntini ,SA,2011,10,4,2,10,5,11,90.9
553,CAK Rajitha ,SL,2019,10,4,2,8,4,23,34.78
554,O Thomas ,WI,2019,10,4,2,8,4,11,72.72
555,P Kumar ,INDIA,2012,10,3,0,7,2.33,16,43.75
556,A Mishra ,INDIA,2017,10,1,0,0,0,0,NA
557,RP Singh ,INDIA,2009,10,2,2,3,NA,3,100
558,DL Chahar ,INDIA,2019,10,2,2,1,NA,1,100
559,Raza Hasan ,PAK,2014,10,4,4,18,NA,25,72
560,Shaheen Shah Afridi ,PAK,2019,10,1,1,0,NA,2,0
561,DJ Malan ,ENG,2019,9,9,1,458,57.25,293,156.31
562,ML Hayden ,AUS,2007,9,9,3,308,51.33,214,143.92
563,NO Miller ,WI,2014,9,5,4,43,43,47,91.48
564,A Bagai ,CAN,2013,9,9,2,284,40.57,249,114.05
565,SC Kuggeleijn ,NZ,2019,9,5,3,65,32.5,30,216.66
566,HE van der Dussen ,SA,2019,9,8,0,254,31.75,192,132.29
567,SF Mire ,ZIM,2019,9,8,0,253,31.62,196,129.08
568,RML Taylor ,SCOT,2016,9,6,3,85,28.33,58,146.55
569,UT Khawaja ,AUS,2016,9,9,0,241,26.77,182,132.41
570,CA Ingram ,SA,2012,9,9,1,210,26.25,162,129.62
571,V Shankar ,INDIA,2019,9,4,0,101,25.25,73,138.35
572,PM Nevill ,AUS,2016,9,5,4,25,25,11,227.27
573,H Klaasen ,SA,2019,9,9,2,156,22.28,107,145.79
574,AB Dinda ,INDIA,2012,9,2,1,22,22,24,91.66
575,KM Jadhav ,INDIA,2017,9,6,0,122,20.33,99,123.23
576,Nurul Hasan ,BDESH,2017,9,8,4,78,19.5,63,123.8
577,L Vincent ,NZ,2007,9,9,0,174,19.33,174,100
578,CJ Dala ,SA,2019,9,4,3,19,19,28,67.85
579,M Vijay ,INDIA,2015,9,9,0,169,18.77,154,109.74
580,JN Mohammed ,WI,2018,9,8,3,90,18,103,87.37
581,H Davids ,SA,2013,9,9,0,161,17.88,134,120.14
582,TB Sole ,SCOT,2019,9,6,2,69,17.25,43,160.46
583,AJ Staal ,NL,2019,9,8,2,97,16.16,79,122.78
584,DJ Mitchell ,NZ,2019,9,9,3,97,16.16,79,122.78
585,Shahid Wasif ,HKG,2019,9,8,3,77,15.4,66,116.66
586,Ariful Haque ,BDESH,2018,9,8,4,59,14.75,61,96.72
587,JA Richardson ,AUS,2019,9,3,2,13,13,6,216.66
588,JW Hastings ,AUS,2016,9,6,2,46,11.5,37,124.32
589,Bilawal Bhatti ,PAK,2015,9,4,2,23,11.5,14,164.28
590,WK McCallan ,IRE,2009,9,3,2,11,11,15,73.33
591,Muhammad Kaleem ,UAE,2016,9,9,0,97,10.77,116,83.62
592,Shamsur Rahman ,BDESH,2014,9,8,0,86,10.75,85,101.17
593,Sagar Pun ,NEPAL,2015,9,9,0,90,10,100,90
594,P Sarraf ,NEPAL,2019,9,8,1,57,8.14,84,67.85
595,G Goudie ,SCOT,2013,9,6,2,25,6.25,20,125
596,SP Gauchan ,NEPAL,2015,9,5,2,13,4.33,43,30.23
597,PC Connell ,IRE,2010,9,3,2,4,4,7,57.14
598,CK Langeveldt ,SA,2010,9,3,2,4,4,8,50
599,GDR Eranga ,CAN,2019,9,1,0,1,1,1,100
600,DE Bollinger ,AUS,2014,9,2,2,1,NA,1,100
601,R Vinay Kumar ,INDIA,2013,9,1,1,2,NA,4,50
602,Junaid Khan ,PAK,2014,9,2,2,3,NA,4,75
603,J Theron ,SA,2012,9,3,3,32,NA,21,152.38
604,T Muzarabani ,ZIM,2016,9,1,1,0,NA,2,0
605,JM Kemp ,SA,2007,8,7,3,203,50.75,160,126.87
606,MN van Wyk ,SA,2015,8,7,1,225,37.5,157,143.31
607,CD McMillan ,NZ,2007,8,7,1,187,31.16,117,159.82
608,Raees Ahmadzai ,AFG,2010,8,6,3,91,30.33,84,108.33
609,CR Woakes ,ENG,2015,8,7,4,91,30.33,63,144.44
610,IR Bell ,ENG,2014,8,8,1,188,26.85,163,115.33
611,TGJ Gruijters ,NL,2013,8,5,3,51,25.5,47,108.51
612,R Gunasekera ,CAN,2013,8,8,0,202,25.25,188,107.44
613,HD Rutherford ,NZ,2019,8,7,0,151,21.57,105,143.8
614,NS Poonia ,SCOT,2010,8,7,2,95,19,108,87.96
615,Waqas Khan ,HKG,2017,8,7,3,68,17,89,76.4
616,BFW de Leede ,NL,2019,8,7,1,98,16.33,114,85.96
617,MO Jones ,BMUDA,2019,8,7,2,81,16.2,83,97.59
618,JT Smuts ,SA,2018,8,8,0,126,15.75,114,110.52
619,JJ van der Wath ,SA,2007,8,4,1,46,15.33,39,117.94
620,OJ Hairs ,SCOT,2019,8,8,1,105,15,64,164.06
621,SP Khakurel ,NEPAL,2015,8,8,0,112,14,139,80.57
622,JNK Shannon ,IRE,2018,8,8,0,111,13.87,84,132.14
623,PWH de Silva ,SL,2019,8,7,3,55,13.75,50,110
624,AS Hansra ,CAN,2013,8,8,2,82,13.66,85,96.47
625,ML Udawatte ,SL,2017,8,8,0,96,12,87,110.34
626,Afif Hossain ,BDESH,2019,8,7,0,83,11.85,63,131.74
627,CD de Lange ,SCOT,2017,8,3,0,35,11.66,22,159.09
628,CJO Smith ,SCOT,2009,8,6,1,58,11.6,54,107.4
629,KM Dabengwa ,ZIM,2010,8,7,3,46,11.5,40,115
630,Abdur Rehman ,PAK,2013,8,5,3,22,11,29,75.86
631,N Deonarine ,WI,2013,8,7,2,55,11,53,103.77
632,RA Thomas ,CAN,2019,8,8,1,73,10.42,95,76.84
633,Irfan Ahmed ,HKG,2015,8,8,0,76,9.5,83,91.56
634,Sharafuddin Ashraf ,AFG,2019,8,4,1,28,9.33,29,96.55
635,LM Jongwe ,ZIM,2016,8,7,0,60,8.57,65,92.3
636,K Pierre ,WI,2019,8,4,2,17,8.5,23,73.91
637,MF Maharoof ,SL,2016,8,5,1,33,8.25,43,76.74
638,Nasrulla Rana ,HKG,2019,8,4,2,15,7.5,24,62.5
639,JRMVB Sanjaya ,SL,2017,8,5,2,20,6.66,18,111.11
640,AO Suji ,KENYA,2010,8,5,2,15,5,29,51.72
641,D Paterson ,SA,2018,8,2,1,5,5,2,250
642,PJ Ongondo ,KENYA,2008,8,6,0,28,4.66,23,121.73
643,Syed Rasel ,BDESH,2008,8,3,1,7,3.5,9,77.77
644,DC Delany ,IRE,2019,8,2,0,7,3.5,6,116.66
645,SHA Rance ,NZ,2019,8,3,0,10,3.33,21,47.61
646,J Mulder ,IRE,2017,8,4,2,6,3,11,54.54
647,LV van Beek ,NL,2016,8,4,1,7,2.33,15,46.66
648,Junaid Siddique ,UAE,2019,8,4,1,5,1.66,17,29.41
649,LH Ferguson ,NZ,2019,8,1,0,1,1,3,33.33
650,MM Sharma ,INDIA,2015,8,2,2,3,NA,7,42.85
651,Rumman Raees ,PAK,2018,8,1,1,0,NA,0,NA
652,Usman Limbada ,CAN,2013,7,3,2,53,53,41,129.26
653,AC Voges ,AUS,2013,7,5,2,139,46.33,114,121.92
654,Rahmanullah Gurbaz ,AFG,2019,7,7,0,227,32.42,164,138.41
655,Nazimuddin ,BDESH,2008,7,7,0,178,25.42,158,112.65
656,IJL Trott ,ENG,2010,7,7,1,138,23,144,95.83
657,Junaid Siddique ,BDESH,2012,7,7,0,159,22.71,108,147.22
658,AJ Redmond ,NZ,2010,7,6,0,126,21,84,150
659,M Mosehle ,SA,2017,7,6,1,105,21,65,161.53
660,Chirag Suri ,UAE,2019,7,7,1,113,18.83,121,93.38
661,TE Kane ,IRE,2019,7,3,1,36,18,23,156.52
662,Abraash Khan ,CAN,2019,7,4,0,66,16.5,60,110
663,AM Samad ,CAN,2010,7,6,0,97,16.16,88,110.22
664,RS Morton ,WI,2010,7,7,1,96,16,103,93.2
665,S Samarawickrama ,SL,2019,7,7,0,97,13.85,93,104.3
666,A Flintoff ,ENG,2007,7,7,1,76,12.66,60,126.66
667,U Bhatti ,CAN,2010,7,7,3,49,12.25,48,102.08
668,HG Kuhn ,SA,2017,7,6,2,49,12.25,42,116.66
669,Alok Kapali ,BDESH,2011,7,7,2,57,11.4,85,67.05
670,Imran Farhat ,PAK,2011,7,7,0,76,10.85,70,108.57
671,BCJ Cutting ,AUS,2017,7,5,1,40,10,27,148.14
672,D Bishoo ,WI,2019,7,4,2,17,8.5,29,58.62
673,C Zhuwao ,ZIM,2018,7,7,0,48,6.85,66,72.72
674,Simandeep Singh ,HKG,2019,7,7,2,33,6.6,32,103.12
675,SNJ O'Keefe ,AUS,2011,7,5,0,32,6.4,26,123.07
676,L Ngidi ,SA,2018,7,2,1,6,6,9,66.66
677,Elias Sunny ,BDESH,2012,7,4,2,9,4.5,9,100
678,SW Masakadza ,ZIM,2013,7,5,1,18,4.5,24,75
679,CJ Boyce ,AUS,2016,7,2,1,4,4,7,57.14
680,S Randiv ,SL,2011,7,2,0,8,4,6,133.33
681,E Schiferli ,NL,2010,7,3,1,7,3.5,16,43.75
682,VD Philander ,SA,2007,7,4,0,14,3.5,28,50
683,UT Yadav ,INDIA,2019,7,1,0,2,2,4,50
684,JO Ngoche ,KENYA,2013,7,3,1,4,2,17,23.52
685,NM Carter ,SCOT,2013,7,2,0,4,2,12,33.33
686,BW Hilfenhaus ,AUS,2012,7,3,1,2,1,10,20
687,PP Chawla ,INDIA,2012,7,1,0,0,0,1,0
688,JOA Gordon ,CAN,2019,7,2,2,3,NA,6,50
689,DR Briggs ,ENG,2014,7,1,1,0,NA,0,NA
690,Zulfiqar Babar ,PAK,2014,7,3,3,27,NA,27,100
691,Iftikhar Ahmed ,PAK,2019,6,6,4,150,75,104,144.23
692,DS Smith ,WI,2009,6,6,0,203,33.83,161,126.08
693,WPUJC Vaas ,SL,2007,6,2,1,33,33,41,80.48
694,S Dube ,INDIA,2019,6,4,2,64,32,42,152.38
695,Mukhtar Ahmed ,PAK,2015,6,6,0,192,32,134,143.28
696,DE Budge ,SCOT,2018,6,4,2,60,30,59,101.69
697,RK Kleinveldt ,SA,2013,6,3,2,25,25,10,250
698,B Zuiderent ,NL,2010,6,6,1,108,21.6,124,87.09
699,S Jora ,NEPAL,2019,6,6,1,101,20.2,83,121.68
700,Mominul Haque ,BDESH,2014,6,4,1,60,20,50,120
701,CD Barnwell ,WI,2013,6,6,2,78,19.5,62,125.8
702,BM Wheeler ,NZ,2018,6,4,2,37,18.5,28,132.14
703,Abdul Shakoor ,UAE,2019,6,4,2,35,17.5,40,87.5
704,LA Dawson ,ENG,2018,6,2,1,17,17,8,212.5
705,TK Musakanda ,ZIM,2018,6,6,0,98,16.33,80,122.5
706,MM Iqbal ,SCOT,2013,6,3,0,46,15.33,45,102.22
707,J Smits ,NL,2009,6,2,1,15,15,27,55.55
708,Ahsan Abbasi ,HKG,2019,6,6,0,80,13.33,87,91.95
709,Faizan Asif ,UAE,2015,6,6,0,80,13.33,64,125
710,DJ Reekers ,NL,2009,6,5,0,64,12.8,49,130.61
711,AK Perera ,SL,2019,6,5,0,59,11.8,65,90.76
712,NJ Maddinson ,AUS,2018,6,4,0,45,11.25,35,128.57
713,BA King ,WI,2019,6,5,0,53,10.6,50,106
714,AT Rayudu ,INDIA,2016,6,5,1,42,10.5,50,84
715,MJ Henry ,NZ,2017,6,2,1,10,10,5,200
716,CJ McKay ,AUS,2013,6,4,2,19,9.5,22,86.36
717,RP Magar ,NEPAL,2015,6,6,0,52,8.66,89,58.42
718,Saqib Zulfiqar ,NL,2019,6,4,0,34,8.5,43,79.06
719,DC Stovell ,BMUDA,2019,6,6,1,42,8.4,50,84
720,BJ McCarthy ,IRE,2018,6,3,1,11,5.5,7,157.14
721,Fahad Tariq ,UAE,2016,6,5,1,19,4.75,24,79.16
722,Shahadat Hossain ,BDESH,2013,6,5,3,8,4,12,66.66
723,Saqlain Haider ,UAE,2016,6,5,1,14,3.5,35,40
724,JS Kundi ,KENYA,2019,6,4,0,9,2.25,22,40.9
725,JAR Blain ,SCOT,2008,6,3,1,4,2,5,80
726,T Thushara ,SL,2010,6,2,0,4,2,8,50
727,S Bhari ,NEPAL,2019,6,3,2,1,1,5,20
728,B Muzarabani ,ZIM,2018,6,3,2,1,1,5,20
729,P Kerai ,KENYA,2019,6,1,0,0,0,1,0
730,RJW Topley ,ENG,2016,6,1,1,1,NA,2,50
731,PP Ojha ,INDIA,2010,6,1,1,10,NA,6,166.66
732,CS Martin ,NZ,2008,6,1,1,5,NA,6,83.33
733,D Pretorius ,SA,2019,6,2,2,87,NA,49,177.55
734,TL Best ,WI,2014,6,1,1,17,NA,9,188.88
735,CU Jayasinghe ,SL,2010,5,3,2,49,49,49,100
736,T Munyonga ,ZIM,2019,5,3,2,45,45,34,132.35
737,GEF Barnett ,CAN,2010,5,5,1,131,32.75,136,96.32
738,PBB Rajapaksa ,SL,2019,5,5,1,131,32.75,95,137.89
739,NR Kirton ,CAN,2019,5,5,2,75,25,83,90.36
740,JJ Tucker ,BMUDA,2019,5,5,1,94,23.5,97,96.9
741,SP Fleming ,NZ,2006,5,5,0,110,22,85,129.41
742,NG Jones ,IRE,2012,5,4,2,42,21,38,110.52
743,SM Davies ,ENG,2011,5,5,0,102,20.4,82,124.39
744,CP Rizwan ,UAE,2019,5,4,0,80,20,73,109.58
745,BR Dunk ,AUS,2017,5,5,0,99,19.8,69,143.47
746,Shuvagata Hom ,BDESH,2016,5,4,2,35,17.5,35,100
747,K Weeraratne ,SL,2009,5,5,2,49,16.33,45,108.88
748,DP Hyatt ,WI,2012,5,5,1,64,16,54,118.51
749,GA Lamb ,ZIM,2010,5,4,2,32,16,54,59.25
750,Awais Zia ,PAK,2014,5,5,0,70,14,80,87.5
751,AK Kitchen ,NZ,2018,5,4,1,38,12.66,32,118.75
752,JS Foster ,ENG,2009,5,5,2,37,12.33,32,115.62
753,DR Flynn ,NZ,2012,5,5,0,59,11.8,51,115.68
754,SM Curran ,ENG,2019,5,3,0,35,11.66,23,152.17
755,DL Brangman ,BMUDA,2019,5,4,2,23,11.5,25,92
756,Hammad Azam ,PAK,2013,5,4,1,34,11.33,34,100
757,JM How ,NZ,2008,5,5,0,56,11.2,67,83.58
758,Amjad Ali ,UAE,2015,5,5,1,42,10.5,52,80.76
759,K Jethi ,CAN,2008,5,5,1,41,10.25,59,69.49
760,Raqibul Hasan ,BDESH,2010,5,5,0,51,10.2,62,82.25
761,Mohammad Ghazanfar ,HKG,2019,5,2,1,10,10,10,100
762,BJ Watling ,NZ,2014,5,4,0,38,9.5,58,65.51
763,JM Davison ,CAN,2010,5,5,0,44,8.8,40,110
764,LN Onyango ,KENYA,2010,5,4,2,17,8.5,21,80.95
765,AM Ellis ,NZ,2013,5,5,2,25,8.33,21,119.04
766,WW Hinds ,WI,2010,5,5,1,30,7.5,41,73.17
767,Abul Hasan ,BDESH,2018,5,2,0,14,7,11,127.27
768,L Gregory ,ENG,2019,5,3,0,21,7,19,110.52
769,Tanveer Ahmed ,HKG,2017,5,2,1,7,7,11,63.63
770,SJS Smith ,SCOT,2012,5,4,1,21,7,40,52.5
771,RazaNAurNARehman ,CAN,2013,5,4,0,25,6.25,29,86.2
772,SS Pathirana ,SL,2017,5,5,0,27,5.4,24,112.5
773,N M'shangwe ,ZIM,2014,5,2,1,5,5,4,125
774,HM Nicholls ,NZ,2019,5,4,0,19,4.75,28,67.85
775,JM Muirhead ,AUS,2014,5,2,1,4,4,8,50
776,RM West ,IRE,2009,5,4,1,11,3.66,11,100
777,SHT Kandamby ,SL,2011,5,4,0,13,3.25,21,61.9
778,AM Guruge ,UAE,2015,5,3,2,3,3,8,37.5
779,DG Brownlie ,NZ,2014,5,5,0,6,1.2,18,33.33
780,SD Parry ,ENG,2015,5,1,0,1,1,1,100
781,TS Mills ,ENG,2018,5,1,0,0,0,2,0
782,Ehsan Nawaz ,HKG,2017,5,1,0,0,0,2,0
783,L Sipamla ,SA,2019,5,1,0,0,0,1,0
784,S Smith ,BMUDA,2019,5,3,3,14,NA,27,51.85
785,MA Wood ,ENG,2019,5,2,2,10,NA,12,83.33
786,NA Saini ,INDIA,2019,5,1,1,0,NA,1,0
787,Sohail Khan ,PAK,2017,5,1,1,1,NA,1,100
788,Aizaz Cheema ,PAK,2012,5,1,1,0,NA,3,0
789,BTJ Wheal ,SCOT,2017,5,2,2,2,NA,2,100
790,DBL Powell ,WI,2007,5,1,1,1,NA,1,100
791,D Murphy ,SCOT,2013,4,4,3,35,35,35,100
792,DR Martyn ,AUS,2006,4,4,0,120,30,74,162.16
793,DL Maddy ,ENG,2007,4,4,0,113,28.25,80,141.25
794,AP Devcich ,NZ,2014,4,4,0,111,27.75,79,140.5
795,NJ Astle ,NZ,2006,4,4,1,74,24.66,67,110.44
796,CP Schofield ,ENG,2007,4,4,3,24,24,20,120
797,KO Otieno ,KENYA,2008,4,4,0,74,18.5,79,93.67
798,AJ Strauss ,ENG,2009,4,4,0,73,18.25,64,114.06
799,NavedNAulNAHasan ,PAK,2010,4,2,1,18,18,16,112.5
800,Zawar Farid ,UAE,2019,4,4,0,67,16.75,53,126.41
801,PHKD Mendis ,SL,2019,4,4,0,66,16.5,46,143.47
802,Shoaib Khan jnr ,PAK,2008,4,4,0,65,16.25,74,87.83
803,AN Cook ,ENG,2009,4,4,0,61,15.25,54,112.96
804,E Katchay ,CAN,2008,4,3,2,15,15,25,60
805,Aminul Islam ,BDESH,2019,4,3,2,14,14,14,100
806,HC Overdijk ,NL,2019,4,1,0,13,13,7,185.71
807,AR Adams ,NZ,2006,4,2,1,13,13,12,108.33
808,R Flannigan ,SCOT,2012,4,4,1,38,12.66,33,115.15
809,Ismat Ullah ,AFG,2019,4,4,0,44,11,47,93.61
810,WD Balaji Rao ,CAN,2008,4,4,1,32,10.66,30,106.66
811,TR Birt ,AUS,2012,4,3,0,31,10.33,33,93.93
812,RR David ,CAN,2008,4,4,0,39,9.75,65,60
813,Amjad Khan ,UAE,2016,4,3,0,28,9.33,30,93.33
814,Khurram Chohan ,CAN,2010,4,4,2,18,9,14,128.57
815,RA Bhatti ,CAN,2012,4,4,1,25,8.33,37,67.56
816,I Pandey ,NEPAL,2019,4,4,0,33,8.25,50,66
817,AB Agarkar ,INDIA,2007,4,2,0,15,7.5,11,136.36
818,NaveenNAulNAHaq ,AFG,2019,4,2,1,7,7,7,100
819,PRP Boissevain ,NL,2019,4,2,1,7,7,7,100
820,Raag Kapur ,HKG,2019,4,3,1,12,6,16,75
821,J Anderson ,IRE,2015,4,2,0,12,6,18,66.66
822,R Strydom ,IRE,2008,4,2,1,6,6,7,85.71
823,HMCM Bandara ,SL,2009,4,3,1,12,6,15,80
824,RR Emrit ,WI,2018,4,3,0,17,5.66,27,62.96
825,SA Abbott ,AUS,2019,4,1,0,5,5,8,62.5
826,Mohammad Hasnain ,PAK,2019,4,3,2,5,5,12,41.66
827,NB Budayair ,NEPAL,2014,4,3,1,7,3.5,19,36.84
828,ZE Surkari ,CAN,2008,4,3,0,10,3.33,33,30.3
829,AA Mulla ,CAN,2008,4,4,0,11,2.75,19,57.89
830,SR Bhudia ,KENYA,2019,4,3,1,4,2,16,25
831,Amir Hayat ,UAE,2019,4,2,0,3,1.5,6,50
832,A Bhagwat ,HKG,2019,4,4,0,5,1.25,16,31.25
833,Sayed Shirzad ,AFG,2019,4,1,0,1,1,2,50
834,VJ Kingma ,NL,2019,4,2,1,1,1,5,20
835,I Wardlaw ,SCOT,2013,4,1,0,1,1,3,33.33
836,AF Buurman ,NL,2010,4,2,0,0,0,4,0
837,HJC Mol ,NL,2008,4,1,0,0,0,1,0
838,JL Pattinson ,AUS,2012,4,2,2,5,NA,3,166.66
839,Nazmul Hossain ,BDESH,2012,4,2,2,3,NA,15,20
840,PR Brown ,ENG,2019,4,1,1,4,NA,9,44.44
841,SI Mahmood ,ENG,2009,4,2,2,1,NA,2,50
842,JK Mukhiya ,NEPAL,2015,4,1,1,0,NA,0,NA
843,CB Sole ,SCOT,2018,4,1,1,4,NA,2,200
844,T Mupariwa ,ZIM,2008,4,2,2,5,NA,3,166.66
845,Muhammad Awais ,BDESH,2019,3,3,2,82,82,59,138.98
846,ME Trescothick ,ENG,2006,3,3,0,166,55.33,131,126.71
847,SMA Priyanjan ,SL,2017,3,3,2,54,54,62,87.09
848,BOP Fernando ,SL,2019,3,3,1,97,48.5,73,132.87
849,M Klinger ,AUS,2017,3,3,0,143,47.66,112,127.67
850,Mohammad Naim ,BDESH,2019,3,3,0,143,47.66,107,133.64
851,Mandeep Singh ,INDIA,2016,3,3,1,87,43.5,73,119.17
852,AR Gandhi ,KENYA,2019,3,3,1,86,43,98,87.75
853,B Mavuta ,ZIM,2018,3,3,2,41,41,23,178.26
854,SM Katich ,AUS,2006,3,2,0,69,34.5,47,146.8
855,VS Solanki ,ENG,2007,3,3,0,76,25.33,61,124.59
856,SD Outerbridge ,BMUDA,2008,3,3,1,49,24.5,51,96.07
857,Khurram Khan ,UAE,2014,3,3,0,73,24.33,73,100
858,Saad Nasim ,PAK,2014,3,2,0,44,22,53,83.01
859,Umair Ali ,UAE,2015,3,3,2,22,22,18,122.22
860,JWM Dalrymple ,ENG,2007,3,3,0,60,20,57,105.26
861,T Banton ,ENG,2019,3,3,0,56,18.66,34,164.7
862,S Thuraisingam ,CAN,2008,3,2,1,18,18,24,75
863,Mohammed Qasim ,UAE,2017,3,3,1,36,18,51,70.58
864,STR Binny ,INDIA,2016,3,2,0,35,17.5,29,120.68
865,TA Blundell ,NZ,2018,3,2,1,17,17,21,80.95
866,Mohammad Yousuf ,PAK,2010,3,3,0,50,16.66,43,116.27
867,MK Tiwary ,INDIA,2012,3,1,0,15,15,17,88.23
868,CM Wright ,SCOT,2009,3,1,0,14,14,18,77.77
869,Sahibzada Farhan ,PAK,2018,3,3,0,40,13.33,46,86.95
870,KDK Vithanage ,SL,2016,3,3,0,40,13.33,34,117.64
871,Rafatullah Mohmand ,PAK,2015,3,3,0,39,13,45,86.66
872,Usman Mushtaq ,UAE,2016,3,2,1,13,13,24,54.16
873,F Mutizwa ,ZIM,2012,3,3,0,38,12.66,36,105.55
874,RJ Campbell ,HKG,2016,3,3,0,36,12,47,76.59
875,OL Pitcher ,BMUDA,2008,3,3,0,34,11.33,53,64.15
876,PJ Ingram ,NZ,2010,3,3,1,22,11,35,62.85
877,TG Gordon ,CAN,2012,3,3,0,32,10.66,37,86.48
878,Kamran Shazad ,UAE,2014,3,2,0,21,10.5,17,123.52
879,Jahurul Islam ,BDESH,2013,3,3,0,31,10.33,23,134.78
880,RL Bhudia ,KENYA,2007,3,3,1,20,10,20,100
881,Nadif Chowdhury ,BDESH,2007,3,3,0,27,9,23,117.39
882,Mohammad Iqbal ,CAN,2008,3,3,0,27,9,39,69.23
883,OO Bascome ,BMUDA,2019,3,3,0,24,8,29,82.75
884,Zulqarnain Haider ,PAK,2010,3,3,0,23,7.66,30,76.66
885,S Mahmood ,ENG,2019,3,2,1,7,7,7,100
886,JAH Marshall ,NZ,2008,3,2,0,14,7,15,93.33
887,BB Chari ,ZIM,2019,3,3,0,21,7,31,67.74
888,RMS Eranga ,SL,2013,3,1,0,6,6,7,85.71
889,SE Rutherford ,WI,2019,3,3,0,17,5.66,23,73.91
890,CJ Ferguson ,AUS,2009,3,3,0,16,5.33,19,84.21
891,DR Tuffey ,NZ,2010,3,2,1,5,5,5,100
892,VB van Jaarsveld ,SA,2009,3,3,0,15,5,23,65.21
893,Ibrahim Zadran ,AFG,2019,3,3,0,14,4.66,26,53.84
894,J Edness ,BMUDA,2008,3,3,0,13,4.33,28,46.42
895,CR Foggo ,BMUDA,2008,3,3,0,13,4.33,17,76.47
896,HJH Marshall ,NZ,2006,3,3,0,12,4,14,85.71
897,CBRLS Kumara ,SL,2019,3,1,0,4,4,2,200
898,Farhan Ahmed ,UAE,2016,3,1,0,4,4,8,50
899,Mohammad Tauqir ,UAE,2015,3,2,1,4,4,6,66.66
900,Khurram Manzoor ,PAK,2016,3,3,0,11,3.66,27,40.74
901,Kushal Malla ,NEPAL,2019,3,2,0,7,3.5,15,46.66
902,CS Baugh ,WI,2012,3,3,0,10,3.33,12,83.33
903,Javed Ahmadi ,AFG,2017,3,2,0,6,3,7,85.71
904,NM Hauritz ,AUS,2009,3,2,0,6,3,10,60
905,JJ Celestine ,BMUDA,2008,3,3,0,9,3,17,52.94
906,TS Braat ,NL,2019,3,2,0,6,3,7,85.71
907,TD Astle ,NZ,2019,3,2,0,4,2,10,40
908,MJ Mason ,NZ,2008,3,1,0,2,2,2,100
909,Zaheer Maqsood ,UAE,2016,3,1,0,2,2,5,40
910,GB Brent ,ZIM,2007,3,1,0,2,2,5,40
911,A Ndlovu ,ZIM,2019,3,1,0,2,2,4,50
912,Abu Jayed ,BDESH,2018,3,2,0,3,1.5,7,42.85
913,ST de Silva ,SL,2017,3,2,0,3,1.5,7,42.85
914,M Nasim Baras ,AFG,2015,3,1,0,1,1,2,50
915,RD McCann ,IRE,2012,3,1,0,1,1,2,50
916,MBS Jonkman ,NL,2010,3,1,0,1,1,8,12.5
917,G Wijekoon ,SL,2007,3,2,1,1,1,5,20
918,MDK Perera ,SL,2011,3,2,0,1,0.5,6,16.66
919,MS Aulakh ,CAN,2013,3,1,0,0,0,2,0
920,MM Patel ,INDIA,2011,3,1,0,0,0,1,0
921,GI Maiden ,SCOT,2008,3,1,0,0,0,1,0
922,MA Aponso ,SL,2018,3,1,0,0,0,2,0
923,RJ Harris ,AUS,2010,3,1,1,2,NA,1,200
924,SM Harwood ,AUS,2009,3,1,1,0,NA,0,NA
925,SKW Kelly ,BMUDA,2008,3,2,2,13,NA,24,54.16
926,JE Pitcher ,BMUDA,2019,3,1,1,5,NA,4,125
927,Zahid Hussain ,CAN,2012,3,2,2,3,NA,8,37.5
928,A Shahzad ,ENG,2011,3,1,1,0,NA,3,0
929,Mohammad Kashif ,NL,2010,3,1,1,0,NA,0,NA
930,BM Tickner ,NZ,2019,3,1,1,5,NA,6,83.33
931,R Telemachus ,SA,2007,3,1,1,5,NA,3,166.66
932,GE Mathurin ,WI,2012,3,2,2,4,NA,5,80
933,T Bavuma ,SA,2019,2,2,1,76,76,66,115.15
934,TM Dowlin ,WI,2010,2,2,1,68,68,69,98.55
935,GH Worker ,NZ,2015,2,2,0,90,45,64,140.62
936,SA Wijeyeratne ,CAN,2019,2,2,0,77,38.5,51,150.98
937,PSP Handscomb ,AUS,2019,2,2,1,33,33,33,100
938,GO Jones ,ENG,2006,2,2,1,33,33,25,132
939,P Mustard ,ENG,2008,2,2,0,60,30,37,162.16
940,C Jonker ,SA,2018,2,2,0,57,28.5,29,196.55
941,IS Billcliff ,CAN,2010,2,2,0,51,25.5,39,130.76
942,DA Rankin ,IRE,2016,2,2,0,49,24.5,54,90.74
943,C Floyd ,NL,2019,2,2,1,23,23,23,100
944,Munir Dar ,HKG,2014,2,2,0,39,19.5,33,118.18
945,RI Ahmed ,NL,2015,2,2,0,38,19,50,76
946,RLB Rambukwella ,SL,2016,2,1,0,19,19,16,118.75
947,PA Patel ,INDIA,2011,2,2,0,36,18,32,112.5
948,JN Malan ,SA,2019,2,2,0,35,17.5,37,94.59
949,RJMGM Rupasinghe ,SL,2009,2,2,0,33,16.5,39,84.61
950,Mehrab Hossain jnr ,BDESH,2009,2,2,1,16,16,25,64
951,EHSN Silva ,UAE,2014,2,2,1,16,16,22,72.72
952,SE Findlay ,WI,2008,2,2,0,32,16,31,103.22
953,RN Patel ,KENYA,2019,2,2,1,15,15,25,60
954,MP Vaughan ,ENG,2007,2,2,0,27,13.5,22,122.72
955,NE Bonner ,WI,2012,2,2,0,27,13.5,38,71.05
956,TB de Bruyn ,SA,2017,2,2,0,26,13,16,162.5
957,Rameez Raja ,PAK,2011,2,2,0,24,12,29,82.75
958,AB Barath ,WI,2011,2,2,0,23,11.5,39,58.97
959,AJ Hall ,SA,2006,2,1,0,11,11,10,110
960,PC de Silva ,SL,2017,2,2,0,22,11,22,100
961,V Shetty ,UAE,2014,2,2,1,11,11,13,84.61
962,OC McCoy ,WI,2019,2,2,1,11,11,10,110
963,ImamNAulNAHaq ,PAK,2019,2,2,0,21,10.5,25,84
964,LD Madushanka ,SL,2019,2,2,0,21,10.5,26,80.76
965,DL Hemp ,BMUDA,2008,2,2,0,20,10,32,62.5
966,S Jyoti ,CAN,2008,2,2,1,10,10,20,50
967,HGJM Kulatunga ,SL,2008,2,2,0,19,9.5,38,50
968,AK Markram ,SA,2019,2,2,0,18,9,17,105.88
969,Najmul Hossain Shanto ,BDESH,2019,2,2,0,16,8,17,94.11
970,LS Livingstone ,ENG,2017,2,2,0,16,8,19,84.21
971,GL Cloete ,SA,2019,2,2,0,15,7.5,15,100
972,AN Petersen ,SA,2010,2,2,0,14,7,19,73.68
973,NV Ojha ,INDIA,2010,2,2,0,12,6,27,44.44
974,OF Smith ,WI,2018,2,1,0,6,6,5,120
975,AK Mandal ,NEPAL,2015,2,2,0,11,5.5,25,44
976,KS Lokuarachchi ,SL,2012,2,2,0,11,5.5,13,84.61
977,JD Campbell ,WI,2019,2,2,0,11,5.5,16,68.75
978,GD McGrath ,AUS,2005,2,1,0,5,5,12,41.66
979,MS Atapattu ,SL,2006,2,1,0,5,5,8,62.5
980,IH Romaine ,BMUDA,2008,2,2,0,9,4.5,20,45
981,NJ Reardon ,AUS,2014,2,1,0,4,4,8,50
982,AS Dean ,CAN,2013,2,2,0,8,4,10,80
983,A Karn ,NEPAL,2015,2,1,0,4,4,7,57.14
984,RT Lyons ,SCOT,2010,2,2,0,4,2,17,23.52
985,CL Cairns ,NZ,2006,2,2,0,3,1.5,13,23.07
986,J Lewis ,ENG,2007,2,2,1,1,1,4,25
987,JP Bray ,IRE,2009,2,2,0,2,1,17,11.76
988,DR Brown ,SCOT,2007,2,1,0,1,1,5,20
989,AA Noffke ,AUS,2008,2,1,0,0,0,0,NA
990,M Simmons ,BMUDA,2019,2,1,0,0,0,2,0
991,AJ McKay ,NZ,2010,2,1,0,0,0,1,0
992,MS Sinclair ,NZ,2007,2,2,0,0,0,5,0
993,Shakeel Ansar ,PAK,2012,2,1,0,0,0,1,0
994,M Bhanuka ,SL,2019,2,1,0,0,0,1,0
995,DO Christian ,WI,2011,2,1,0,0,0,2,0
996,Dawlat Ahmadzai ,AFG,2010,2,1,1,2,NA,3,66.66
997,Yamin Ahmadzai ,AFG,2015,2,1,1,1,NA,1,100
998,NM Lyon ,AUS,2018,2,1,1,4,NA,4,100
999,Fawad Ahmed ,AUS,2013,2,1,1,3,NA,5,60
1000,MS Kasprowicz ,AUS,2005,2,1,1,3,NA,5,60
1001,PM Siddle ,AUS,2010,2,1,1,1,NA,1,100
1002,JD Wildermuth ,AUS,2018,2,1,1,1,NA,1,100
1003,Taijul Islam ,BDESH,2019,2,1,1,0,NA,1,0
1004,S Keshvani ,CAN,2010,2,1,1,0,NA,1,0
1005,A Mehmood ,HKG,2016,2,1,1,0,NA,1,0
1006,DS Kulkarni ,INDIA,2016,2,1,1,1,NA,1,100
1007,Sandeep Sharma ,INDIA,2015,2,1,1,1,NA,1,100
1008,Aamer Yamin ,PAK,2018,2,1,1,15,NA,6,250
1009,Yasir Shah ,PAK,2011,2,1,1,11,NA,7,157.14
1010,ND McKenzie ,SA,2009,2,1,1,7,NA,8,87.5
1011,J Louw ,SA,2009,2,1,1,1,NA,1,100
1012,A Nel ,SA,2007,2,1,1,0,NA,2,0
1013,RAJ Smith ,SCOT,2019,2,1,1,9,NA,7,128.57
1014,GA Rogers ,SCOT,2009,2,2,2,7,NA,8,87.5
1015,LHD Dilhara ,SL,2008,2,1,1,18,NA,9,200
1016,B Fernando ,SL,2015,2,1,1,8,NA,12,66.66
1017,UWMBCA Welegedara ,SL,2010,2,1,1,2,NA,3,66.66
1018,PDRL Perera ,SL,2006,2,2,2,0,NA,0,NA
1019,J Nyumbu ,ZIM,2018,2,2,2,7,NA,11,63.63
1020,KO Meth ,ZIM,2012,2,1,1,6,NA,6,100
1021,EC Rainsford ,ZIM,2010,2,1,1,1,NA,2,50
1022,S Badrinath ,INDIA,2011,1,1,0,43,43,37,116.21
1023,D Mongia ,INDIA,2006,1,1,0,38,38,45,84.44
1024,R Dravid ,INDIA,2011,1,1,0,31,31,21,147.61
1025,D Ganga ,WI,2006,1,1,0,26,26,31,83.87
1026,Shahriar Nafees ,BDESH,2006,1,1,0,25,25,17,147.05
1027,JN Gillespie ,AUS,2005,1,1,0,24,24,18,133.33
1028,FL Reifer ,WI,2009,1,1,0,22,22,20,110
1029,Rony Talukdar ,BDESH,2015,1,1,0,21,21,22,95.45
1030,MJ North ,AUS,2009,1,1,0,20,20,21,95.23
1031,SV Samson ,INDIA,2015,1,1,0,19,19,24,79.16
1032,JW Wilson ,NZ,2005,1,1,0,18,18,14,128.57
1033,Nauman Anwar ,PAK,2015,1,1,0,18,18,10,180
1034,BJ Rohrer ,AUS,2013,1,1,0,16,16,14,114.28
1035,Shabir Noori ,AFG,2012,1,1,0,15,15,18,83.33
1036,LA Pomersbach ,AUS,2007,1,1,0,15,15,7,214.28
1037,Vikramjit Singh ,NL,2019,1,1,0,15,15,13,115.38
1038,SG Borthwick ,ENG,2011,1,1,0,14,14,16,87.5
1039,Mohammad Rafique ,BDESH,2006,1,1,0,13,13,5,260
1040,CMW Read ,ENG,2006,1,1,0,13,13,11,118.18
1041,PA Hitchcock ,NZ,2008,1,1,0,13,13,11,118.18
1042,Fazal Niazai ,AFG,2019,1,1,0,12,12,15,80
1043,KOA Powell ,WI,2014,1,1,0,12,12,14,85.71
1044,Mahedi Hasan ,BDESH,2018,1,1,0,11,11,11,100
1045,H Thaker ,CAN,2019,1,1,0,11,11,9,122.22
1046,Fayyaz Ahmed ,UAE,2015,1,1,0,11,11,12,91.66
1047,Zakir Hasan ,BDESH,2018,1,1,0,10,10,9,111.11
1048,SR Tendulkar ,INDIA,2006,1,1,0,10,10,12,83.33
1049,BA Parchment ,WI,2007,1,1,0,10,10,6,166.66
1050,ACL Richards ,WI,2007,1,1,0,10,10,15,66.66
1051,Afsar Zazai ,AFG,2013,1,1,0,9,9,21,42.85
1052,BM Duckett ,ENG,2019,1,1,0,9,9,7,128.57
1053,FRJ Coleman ,SCOT,2013,1,1,0,9,9,13,69.23
1054,WKD Perkins ,WI,2008,1,1,0,9,9,11,81.81
1055,Khushdil Shah ,PAK,2019,1,1,0,8,8,11,72.72
1056,GH Bodi ,SA,2007,1,1,0,8,8,25,32
1057,AM Blignaut ,ZIM,2010,1,1,0,8,8,8,100
1058,MA Carberry ,ENG,2014,1,1,0,7,7,7,100
1059,JN Snape ,ENG,2007,1,1,0,7,7,11,63.63
1060,RP Arnold ,SL,2006,1,1,0,7,7,7,100
1061,PJ Hughes ,AUS,2014,1,1,0,6,6,8,75
1062,Parvez Rasool ,INDIA,2017,1,1,0,5,5,6,83.33
1063,Mohammad Salman ,PAK,2011,1,1,0,5,5,6,83.33
1064,AG Prince ,SA,2005,1,1,0,5,5,6,83.33
1065,AM McCarthy ,WI,2018,1,1,0,5,5,8,62.5
1066,Nazmus Sadat ,BDESH,2006,1,1,0,4,4,3,133.33
1067,GJ Batty ,ENG,2009,1,1,0,4,4,7,57.14
1068,SP Terry ,IRE,2016,1,1,0,4,4,6,66.66
1069,GJP Kruger ,SA,2006,1,1,0,3,3,5,60
1070,MC Bascombe ,WI,2011,1,1,0,3,3,7,42.85
1071,A Khan ,ENG,2009,1,1,0,2,2,4,50
1072,Najeeb Amar ,HKG,2014,1,1,0,2,2,9,22.22
1073,A Bhattarai ,NEPAL,2014,1,1,0,2,2,3,66.66
1074,MVT Fernando ,SL,2017,1,1,0,2,2,2,100
1075,Dhiman Ghosh ,BDESH,2008,1,1,0,1,1,2,50
1076,TE Tucker ,BMUDA,2008,1,1,0,1,1,5,20
1077,MS Panesar ,ENG,2007,1,1,0,1,1,2,50
1078,JS Jesani ,KENYA,2007,1,1,0,1,1,5,20
1079,EB Ringera ,KENYA,2019,1,1,0,1,1,3,33.33
1080,HH Dippenaar ,SA,2006,1,1,0,1,1,5,20
1081,ML Nkala ,ZIM,2006,1,1,0,1,1,3,33.33
1082,KC Hodsoll ,BMUDA,2008,1,1,0,0,0,1,0
1083,Mohammad Qazi ,CAN,2008,1,1,0,0,0,1,0
1084,T Henderson ,SA,2006,1,1,0,0,0,2,0
1085,M Zondeki ,SA,2006,1,1,0,0,0,1,0
1086,L Sreekumar ,UAE,2017,1,1,0,0,0,1,0
1087,RN Lewis ,WI,2008,1,1,0,0,0,4,0
1088,DM Richards ,WI,2009,1,1,0,0,0,1,0
1089,Hashmatullah Shahidi ,AFG,2013,1,1,1,1,NA,1,100
1090,MJ Swepson ,AUS,2018,1,1,1,3,NA,4,75
1091,CT Bancroft ,AUS,2016,1,1,1,0,NA,0,NA
1092,Muktar Ali ,BDESH,2016,1,1,1,19,NA,15,126.66
1093,Sohrawordi Shuvo ,BDESH,2010,1,1,1,1,NA,3,33.33
1094,PA Desai ,CAN,2012,1,1,1,4,NA,7,57.14
1095,MR Montfort ,CAN,2019,1,1,1,1,NA,1,100
1096,PA Nixon ,ENG,2007,1,1,1,31,NA,22,140.9
1097,RWT Key ,ENG,2009,1,1,1,10,NA,8,125
1098,RJ Kirtley ,ENG,2007,1,1,1,2,NA,4,50
1099,Anas Khan ,HKG,2014,1,1,1,21,NA,28,75
1100,R Dhawan ,INDIA,2016,1,1,1,1,NA,2,50
1101,GE Kidd ,IRE,2010,1,1,1,1,NA,1,100
1102,EP Thompson ,NZ,2008,1,1,1,1,NA,1,100
1103,InzamamNAulNAHaq ,PAK,2006,1,1,1,11,NA,15,73.33
1104,JA Rudolph ,SA,2006,1,1,1,6,NA,7,85.71
1105,KMC Bandara ,SL,2016,1,1,1,2,NA,4,50
1106,Adnan Mufti ,UAE,2017,1,1,1,6,NA,7,85.71
1107,Muhammed Shanil ,UAE,2016,1,1,1,1,NA,3,33.33
1108,DE Bernard ,WI,2009,1,1,1,1,NA,1,100
1109,IDR Bradshaw ,WI,2006,1,1,1,0,NA,0,NA
1110,AJ Ireland ,ZIM,2006,1,1,1,2,NA,3,66.66